placekey,parkLat,parkLng
222-222@628-pgc-brk," 39.979654","-75.209237"
222-222@628-pgk-9pv," 40.00307","-75.198508"
222-222@628-pgm-jgk," 40.012927","-75.203145"
222-222@628-pjk-rff," 40.083003","-75.232456"
222-223@628-pgk-cbk," 39.99938","-75.201847"
226-222@628-p7w-f75," 40.073111","-75.069111"
226-222@628-phq-5mk," 40.064626","-75.169315"
226-222@628-pjk-qzz," 40.084223","-75.231882"
228-222@628-pnx-psq," 39.9729","-75.137224"
22b-223@628-pfx-ks5," 40.026407","-75.226266"
239-222@63s-dw2-3qz," 39.969137","-75.249962"
zzw-222@628-p7x-2c5," 40.040275","-75.052596"
zzw-222@628-p7x-qj9," 40.042566","-75.039737"
zzw-222@628-p7z-249," 40.068219","-75.088316"
zzw-222@628-p83-mhq," 40.080463","-75.067675"
zzw-222@628-p9n-fmk," 40.080627","-74.98956"
zzw-222@628-p9v-gff," 40.104558","-74.965192"
zzw-222@628-p9v-gkz," 40.103455","-74.970255"
zzw-222@628-pft-g6k," 40.036091","-75.204281"
zzw-222@628-pfv-ghq," 40.038884","-75.191277"
zzw-222@628-pfz-bkz," 40.023473","-75.222205"
zzw-222@628-pg4-swk," 40.033967","-75.157287"
zzw-222@628-pg9-h5z," 39.99089","-75.188804"
zzw-222@628-pg9-tgk," 39.96568","-75.168047"
zzw-222@628-pgc-q9f," 39.983316","-75.22183"
zzw-222@628-pgd-xh5," 39.965075","-75.190596"
zzw-222@628-php-qpv," 40.06198","-75.157292"
zzw-222@628-php-s89," 40.060854","-75.15814"
zzw-222@628-phq-6kz," 40.053416","-75.16525"
zzw-222@628-pj2-8y9," 40.001454","-75.112435"
zzw-222@628-pj2-g6k," 40.01243","-75.096508"
zzw-222@628-pj5-6x5," 39.996619","-75.149451"
zzw-222@628-pj5-sqz," 40.015796","-75.141272"
zzw-222@628-pj6-9pv," 40.033108","-75.113101"
zzw-222@628-pjf-nh5," 40.075663","-75.200665"
zzw-222@628-pm4-fpv," 39.922994","-75.172765"
zzw-222@628-pm4-r8v," 39.927483","-75.151752"
zzw-222@628-pm7-mx5," 39.936022","-75.183789"
zzw-222@628-pm7-rtv," 39.925966","-75.18718"
zzw-222@628-pm8-ghq," 39.903905","-75.176577"
zzw-222@628-pmb-cdv," 39.941223","-75.15872"
zzw-222@628-pnt-f75," 39.978235","-75.097295"
zzw-222@628-pnz-xkf," 39.986474","-75.101449"
zzw-222@628-pp4-mc5," 39.983863","-75.123605"
zzw-222@628-pp5-6p9," 39.983432","-75.127915"
zzw-222@63s-dvw-dqf," 39.968063","-75.223251"
zzw-222@63s-dvx-cyv," 39.966167","-75.215602"
zzw-222@63s-dw2-8qf," 39.960013","-75.247708"
zzw-222@63s-dw2-jsq," 39.974532","-75.258228"
zzw-222@63s-dwf-nyv," 39.908542","-75.249103"
zzw-223@628-pgc-g6k," 39.9874","-75.211723"
zzw-223@628-pmb-cnq," 39.940682","-75.155395"
zzw-223@628-pp2-75z," 39.986382","-75.101218"
zzy-222@628-p86-c89," 40.073034","-75.081325"
zzy-222@628-p8t-qmk," 40.080406","-74.973216"
zzy-222@628-p9s-ffz," 40.122684","-75.006983"
zzy-222@628-pft-g6k," 40.036067","-75.204277"
zzy-222@628-pg8-r6k," 39.98642","-75.197343"
zzy-222@628-pgm-4sq," 40.008888","-75.187919"
zzy-222@628-pj7-s3q," 40.027741","-75.04922"
zzy-222@628-pjj-qcq," 40.067619","-75.230771"
zzy-222@628-pm6-gff," 39.919637","-75.156374"
zzy-222@628-pmc-q9f," 39.930762","-75.148597"
zzy-222@63s-dvw-dn5," 39.967159","-75.22253"
zzy-222@63s-dvx-xqz," 39.948989","-75.210169"
zzy-222@63s-dwd-kxq," 39.898521","-75.179531"
zzy-223@628-pp2-snq," 39.997688","-75.0991"
zzy-224@628-pfz-btv," 40.025646","-75.221132"
zzy-224@628-pm3-xyv," 39.93315","-75.16476"
zzz-222@628-p6z-nnq," 40.042375","-74.99298"
zzz-222@628-p6z-py9," 40.049273","-75.003987"
zzz-222@628-p6z-s89," 40.051363","-75.002956"
zzz-222@628-p72-6zf," 40.054616","-74.988449"
zzz-222@628-p74-fzz," 40.048423","-75.024582"
zzz-222@628-p74-jjv," 40.036488","-75.026583"
zzz-222@628-p75-d5f," 40.046965","-75.014041"
zzz-222@628-p75-tvz," 40.027531","-75.012139"
zzz-222@628-p77-fpv," 40.067416","-74.981164"
zzz-222@628-p77-mzf," 40.061173","-74.981292"
zzz-222@628-p77-p9z," 40.068437","-74.991808"
zzz-222@628-p78-6kz," 40.073173","-74.97276"
zzz-222@628-p7b-hwk," 40.056392","-75.010261"
zzz-222@628-p7c-7yv," 40.058755","-74.99835"
zzz-222@628-p7v-rzf," 40.056563","-75.076008"
zzz-222@628-p7x-2c5," 40.040298","-75.053302"
zzz-222@628-p7x-tqf," 40.04978","-75.053676"
zzz-222@628-p7z-q75," 40.040065","-75.082351"
zzz-222@628-p82-n3q," 40.038586","-75.070091"
zzz-222@628-p84-xt9," 40.057073","-75.035047"
zzz-222@628-p85-4qf," 40.062601","-75.051245"
zzz-222@628-p85-mff," 40.060541","-75.027005"
zzz-222@628-p86-gc5," 40.072921","-75.079898"
zzz-222@628-p8b-dvz," 40.0187","-75.054428"
zzz-222@628-p8d-nkf," 40.012476","-75.092267"
zzz-222@628-p8d-vzz," 40.011584","-75.073643"
zzz-222@628-p8d-zxq," 40.013963","-75.075806"
zzz-222@628-p8f-cqz," 40.014001","-75.080449"
zzz-222@628-p8g-w8v," 39.999885","-75.067935"
zzz-222@628-p8h-7dv," 40.030019","-75.034258"
zzz-222@628-p8h-h5z," 40.027994","-75.049113"
zzz-222@628-p8h-mff," 40.028056","-75.044532"
zzz-222@628-p8h-qs5," 40.021678","-75.048185"
zzz-222@628-p8h-rkz," 40.019386","-75.047319"
zzz-222@628-p8j-9s5," 40.03207","-75.041781"
zzz-222@628-p8m-49z," 40.024738","-75.068034"
zzz-222@628-p8m-9cq," 40.01637","-75.063625"
zzz-222@628-p8m-xdv," 40.029389","-75.061017"
zzz-222@628-p8n-4sq," 40.025877","-75.054199"
zzz-222@628-p8t-dn5," 40.078537","-74.967851"
zzz-222@628-p8t-n89," 40.079539","-74.974345"
zzz-222@628-p9n-fpv," 40.079617","-74.989736"
zzz-222@628-p9p-zzz," 40.100467","-75.033402"
zzz-222@628-p9r-c3q," 40.091311","-75.020542"
zzz-222@628-p9s-bc5," 40.122721","-75.00794"
zzz-222@628-p9s-pvz," 40.12511","-74.988976"
zzz-222@628-p9s-tjv," 40.128197","-74.994422"
zzz-222@628-p9v-5cq," 40.096556","-74.991052"
zzz-222@628-p9v-f9f," 40.100798","-74.976729"
zzz-222@628-p9v-fvf," 40.096548","-74.972485"
zzz-222@628-p9v-xwk," 40.114966","-75.025244"
zzz-222@628-pft-pjv," 40.028266","-75.195791"
zzz-222@628-pft-zs5," 40.029244","-75.21094"
zzz-222@628-pfv-bzf," 40.034769","-75.18925"
zzz-222@628-pfv-mff," 40.048983","-75.199804"
zzz-222@628-pfv-y35," 40.017998","-75.187882"
zzz-222@628-pfw-xkf," 40.019707","-75.168201"
zzz-222@628-pfx-575," 40.030316","-75.188711"
zzz-222@628-pfx-grk," 40.041449","-75.228169"
zzz-222@628-pfx-n89," 40.027059","-75.227979"
zzz-222@628-pfx-q9f," 40.033443","-75.229888"
zzz-222@628-pfy-fs5," 40.036979","-75.22137"
zzz-222@628-pfy-y9z," 40.021617","-75.213142"
zzz-222@628-pfz-bkz," 40.023749","-75.222427"
zzz-222@628-pfz-btv," 40.025555","-75.221354"
zzz-222@628-pg2-4vz," 40.030513","-75.220218"
zzz-222@628-pg2-cdv," 40.058115","-75.188227"
zzz-222@628-pg2-gx5," 40.057553","-75.181619"
zzz-222@628-pg3-cdv," 40.051681","-75.177635"
zzz-222@628-pg3-wp9," 40.040289","-75.174314"
zzz-222@628-pg4-hdv," 40.036086","-75.176647"
zzz-222@628-pg4-ndv," 40.045343","-75.168318"
zzz-222@628-pg4-zvf," 40.047826","-75.179107"
zzz-222@628-pg8-hyv," 39.977468","-75.178788"
zzz-222@628-pg9-5mk," 39.987906","-75.174882"
zzz-222@628-pg9-8jv," 39.982177","-75.171586"
zzz-222@628-pg9-9pv," 39.98094","-75.169897"
zzz-222@628-pg9-hwk," 39.990457","-75.188391"
zzz-222@628-pg9-kpv," 39.994968","-75.186917"
zzz-222@628-pg9-tgk," 39.965645","-75.168118"
zzz-222@628-pg9-yjv," 39.968985","-75.167071"
zzz-222@628-pgb-rff," 39.963491","-75.154905"
zzz-222@628-pgc-d35," 39.979049","-75.213449"
zzz-222@628-pgc-mc5," 39.97895","-75.207845"
zzz-222@628-pgd-v9f," 39.965837","-75.201131"
zzz-222@628-pgd-w49," 39.963975","-75.196488"
zzz-222@628-pgd-wp9," 39.967681","-75.19562"
zzz-222@628-pgf-kcq," 39.968919","-75.185183"
zzz-222@628-pgf-sdv," 39.963896","-75.191185"
zzz-222@628-pgf-x5z," 39.973454","-75.198943"
zzz-222@628-pgg-bkz," 40.001923","-75.165965"
zzz-222@628-pgg-h89," 39.994897","-75.164746"
zzz-222@628-pgg-sqz," 40.005821","-75.174216"
zzz-222@628-pgg-yd9," 40.001994","-75.175275"
zzz-222@628-pgg-z75," 39.999817","-75.179432"
zzz-222@628-pgh-2rk," 40.00779","-75.161881"
zzz-222@628-pgh-4vz," 40.006215","-75.161333"
zzz-222@628-pgh-c89," 40.000555","-75.155594"
zzz-222@628-pgh-sqz," 39.986128","-75.151734"
zzz-222@628-pgh-whq," 39.989283","-75.151155"
zzz-222@628-pgh-ysq," 39.978505","-75.151819"
zzz-222@628-pgj-2x5," 39.975799","-75.150885"
zzz-222@628-pgj-9fz," 39.988813","-75.157812"
zzz-222@628-pgj-cdv," 39.981253","-75.160363"
zzz-222@628-pgj-m8v," 39.988368","-75.146246"
zzz-222@628-pgj-mkz," 39.989479","-75.146136"
zzz-222@628-pgj-nyv," 39.99093","-75.139022"
zzz-222@628-pgj-r6k," 39.981105","-75.13942"
zzz-222@628-pgj-tjv," 39.985699","-75.13944"
zzz-222@628-pgk-pgk," 40.002087","-75.208568"
zzz-222@628-pgk-wff," 39.996062","-75.211728"
zzz-222@628-pgm-3wk," 40.009017","-75.195094"
zzz-222@628-pgm-5vf," 40.009083","-75.186402"
zzz-222@628-pgm-jgk," 40.012019","-75.20134"
zzz-222@628-pgx-vcq," 40.056478","-75.240742"
zzz-222@628-ph5-py9," 39.982077","-75.240941"
zzz-222@628-ph5-wx5," 39.971025","-75.236345"
zzz-222@628-ph6-qfz," 39.977339","-75.231195"
zzz-222@628-ph6-r49," 39.982356","-75.226505"
zzz-222@628-phk-v75," 40.049356","-75.123433"
zzz-222@628-php-btv," 40.081501","-75.176267"
zzz-222@628-php-s89," 40.061094","-75.158327"
zzz-222@628-php-vpv," 40.050009","-75.159846"
zzz-222@628-phq-5s5," 40.064698","-75.170494"
zzz-222@628-phq-f4v," 40.064351","-75.154264"
zzz-222@628-phy-789," 40.022311","-75.120876"
zzz-222@628-phz-mkz," 40.00188","-75.108601"
zzz-222@628-phz-nwk," 40.002327","-75.113076"
zzz-222@628-phz-vs5," 39.999638","-75.106686"
zzz-222@628-pj2-6zf," 40.000311","-75.121209"
zzz-222@628-pj2-g6k," 40.012438","-75.096511"
zzz-222@628-pj2-gp9," 40.014471","-75.105353"
zzz-222@628-pj2-k9f," 40.003714","-75.10458"
zzz-222@628-pj2-kfz," 40.004048","-75.102305"
zzz-222@628-pj3-49z," 40.019968","-75.154773"
zzz-222@628-pj3-6hq," 40.024713","-75.151928"
zzz-222@628-pj3-fxq," 40.024157","-75.16611"
zzz-222@628-pj3-kj9," 40.025367","-75.160751"
zzz-222@628-pj3-zmk," 40.020286","-75.144717"
zzz-222@628-pj4-2hq," 40.016906","-75.144055"
zzz-222@628-pj4-brk," 40.032503","-75.160459"
zzz-222@628-pj4-wrk," 40.000167","-75.137916"
zzz-222@628-pj5-35z," 40.007233","-75.146728"
zzz-222@628-pj5-59f," 39.999281","-75.14666"
zzz-222@628-pj5-6x5," 39.996658","-75.149469"
zzz-222@628-pj5-hnq," 40.001935","-75.129479"
zzz-222@628-pj5-kcq," 39.999599","-75.130597"
zzz-222@628-pj6-4vz," 40.043165","-75.116822"
zzz-222@628-pj6-9pv," 40.03314","-75.113094"
zzz-222@628-pj6-ndv," 40.033901","-75.118332"
zzz-222@628-pj6-ty9," 40.04602","-75.100712"
zzz-222@628-pj7-kvf," 40.022704","-75.092859"
zzz-222@628-pj7-kxq," 40.021474","-75.092792"
zzz-222@628-pj7-vs5," 40.016682","-75.088176"
zzz-222@628-pj8-cbk," 40.029186","-75.093743"
zzz-222@628-pj8-mkz," 40.02367","-75.08003"
zzz-222@628-pj9-8n5," 40.029612","-75.136037"
zzz-222@628-pj9-fvf," 40.040003","-75.149781"
zzz-222@628-pj9-h89," 40.041401","-75.156296"
zzz-222@628-pj9-mff," 40.034629","-75.149919"
zzz-222@628-pj9-qmk," 40.035789","-75.145023"
zzz-222@628-pj9-t9z," 40.043012","-75.130986"
zzz-222@628-pjb-2c5," 40.037886","-75.136505"
zzz-222@628-pjb-9zz," 40.049997","-75.146324"
zzz-222@628-pjf-nh5," 40.076164","-75.200768"
zzz-222@628-pjg-7dv," 40.069891","-75.205073"
zzz-222@628-pjg-h3q," 40.070009","-75.191083"
zzz-222@628-pjj-v75," 40.068898","-75.230702"
zzz-222@628-pjk-6tv," 40.068146","-75.23762"
zzz-222@628-pm3-v9f," 39.92919","-75.170073"
zzz-222@628-pm3-wff," 39.931448","-75.162333"
zzz-222@628-pm3-xyv," 39.933156","-75.164771"
zzz-222@628-pm4-47q," 39.923002","-75.157177"
zzz-222@628-pm4-7wk," 39.931526","-75.177761"
zzz-222@628-pm4-fpv," 39.922811","-75.172955"
zzz-222@628-pm4-kj9," 39.932768","-75.155214"
zzz-222@628-pm4-mrk," 39.933534","-75.159701"
zzz-222@628-pm4-r8v," 39.927971","-75.151076"
zzz-222@628-pm4-zs5," 39.939337","-75.16453"
zzz-222@628-pm5-249," 39.940639","-75.162938"
zzz-222@628-pm5-2hq," 39.938444","-75.163566"
zzz-222@628-pm5-skf," 39.915576","-75.153717"
zzz-222@628-pm6-gff," 39.919491","-75.156513"
zzz-222@628-pm7-3kf," 39.924186","-75.18748"
zzz-222@628-pm7-mff," 39.931282","-75.188955"
zzz-222@628-pm7-nnq," 39.935563","-75.182749"
zzz-222@628-pm7-wx5," 39.93619","-75.197642"
zzz-222@628-pm7-xdv," 39.933272","-75.193651"
zzz-222@628-pm8-249," 39.937628","-75.192976"
zzz-222@628-pm8-fcq," 39.915174","-75.178569"
zzz-222@628-pm8-vj9," 39.903811","-75.178376"
zzz-222@628-pm9-28v," 39.915991","-75.170698"
zzz-222@628-pm9-jn5," 39.92068","-75.183409"
zzz-222@628-pm9-vcq," 39.9474","-75.152693"
zzz-222@628-pm9-zxq," 39.9426","-75.152768"
zzz-222@628-pmb-bkz," 39.94355","-75.159011"
zzz-222@628-pmb-cbk," 39.939444","-75.15553"
zzz-222@628-pmb-cdv," 39.941413","-75.1581"
zzz-222@628-pmb-cnq," 39.940664","-75.155358"
zzz-222@628-pmb-zs5," 39.955835","-75.150176"
zzz-222@628-pmc-n89," 39.932747","-75.14542"
zzz-222@628-pmc-nnq," 39.934804","-75.14597"
zzz-222@628-pmc-pgk," 39.933503","-75.1499"
zzz-222@628-pmc-pn5," 39.933818","-75.151442"
zzz-222@628-pmc-q9f," 39.930763","-75.148595"
zzz-222@628-pmd-rhq," 39.947623","-75.179848"
zzz-222@628-pmd-tn5," 39.946","-75.183345"
zzz-222@628-pmd-xwk," 39.940885","-75.179309"
zzz-222@628-pmd-yqf," 39.938386","-75.17404"
zzz-222@628-pmf-3dv," 39.939961","-75.171472"
zzz-222@628-pmf-rp9," 39.942041","-75.171289"
zzz-222@628-pmf-v2k," 39.949341","-75.172023"
zzz-222@628-pnw-jvz," 39.966818","-75.137172"
zzz-222@628-pnw-zfz," 39.966767","-75.15122"
zzz-222@628-pnx-4sq," 39.962901","-75.143733"
zzz-222@628-pnx-bhq," 39.971625","-75.128286"
zzz-222@628-pnx-btv," 39.972221","-75.127181"
zzz-222@628-pnx-d5f," 39.972182","-75.131074"
zzz-222@628-pnx-jjv," 39.96609","-75.129285"
zzz-222@628-pnx-psq," 39.972886","-75.137342"
zzz-222@628-pnx-r8v," 39.973457","-75.142725"
zzz-222@628-pnz-psq," 39.990988","-75.096965"
zzz-222@628-pnz-xkf," 39.98634","-75.101489"
zzz-222@628-pnz-xqz," 39.986452","-75.103422"
zzz-222@628-pp2-4d9," 39.982979","-75.100752"
zzz-222@628-pp2-5j9," 39.982317","-75.107275"
zzz-222@628-pp2-snq," 39.998005","-75.098464"
zzz-222@628-pp4-mc5," 39.983809","-75.123576"
zzz-222@628-pp4-t7q," 39.98124","-75.117995"
zzz-222@628-pp4-wtv," 39.988654","-75.132939"
zzz-222@628-pp4-z2k," 39.991673","-75.13295"
zzz-222@628-pp5-4n5," 39.979496","-75.128066"
zzz-222@628-pp5-5pv," 39.977221","-75.132586"
zzz-222@628-pp5-5s5," 39.978502","-75.135085"
zzz-222@628-pp5-6p9," 39.983504","-75.128198"
zzz-222@628-pp5-7t9," 39.982771","-75.134877"
zzz-222@628-pp5-dy9," 39.995017","-75.119105"
zzz-222@628-pp5-g49," 39.984382","-75.112431"
zzz-222@628-pp5-h3q," 39.982648","-75.108904"
zzz-222@628-pp5-m8v," 39.986195","-75.116586"
zzz-222@628-pp5-rtv," 39.994138","-75.123405"
zzz-222@628-pp5-sbk," 39.995502","-75.127596"
zzz-222@628-pr4-33q," 40.113728","-74.96434"
zzz-222@628-pxy-6p9," 40.091209","-75.074568"
zzz-222@63s-dt9-3kf," 39.904927","-75.251954"
zzz-222@63s-dvp-brk," 39.946841","-75.237474"
zzz-222@63s-dvq-5fz," 39.948867","-75.234746"
zzz-222@63s-dvq-6x5," 39.952186","-75.225481"
zzz-222@63s-dvq-jqf," 39.95677","-75.238691"
zzz-222@63s-dvq-x5z," 39.931646","-75.220373"
zzz-222@63s-dvr-35z," 39.919933","-75.223596"
zzz-222@63s-dvr-d7q," 39.923387","-75.230107"
zzz-222@63s-dvr-fxq," 39.91854","-75.232985"
zzz-222@63s-dvr-pn5," 39.932717","-75.211761"
zzz-222@63s-dvr-yy9," 39.93448","-75.229404"
zzz-222@63s-dvv-tn5," 39.926254","-75.239686"
zzz-222@63s-dvw-bzf," 39.963407","-75.229591"
zzz-222@63s-dvw-sh5," 39.96716","-75.233977"
zzz-222@63s-dvx-2tv," 39.971063","-75.216488"
zzz-222@63s-dvx-c3q," 39.961373","-75.210127"
zzz-222@63s-dvx-cyv," 39.965656","-75.215949"
zzz-222@63s-dvx-d35," 39.964935","-75.215025"
zzz-222@63s-dvx-hqz," 39.975214","-75.227321"
zzz-222@63s-dvx-w8v," 39.948874","-75.20933"
zzz-222@63s-dvy-52k," 39.942163","-75.209739"
zzz-222@63s-dvy-fxq," 39.943152","-75.21677"
zzz-222@63s-dvy-y5f," 39.953214","-75.216503"
zzz-222@63s-dvz-ct9," 39.965525","-75.252989"
zzz-222@63s-dw2-3qz," 39.969146","-75.249958"
zzz-222@63s-dw2-hbk," 39.974412","-75.257384"
zzz-222@63s-dw2-jqf," 39.97291","-75.260803"
zzz-222@63s-dw8-h3q," 39.897271","-75.248077"
zzz-222@63s-dwf-9mk," 39.905327","-75.237819"
zzz-222@63s-dwf-xh5," 39.908382","-75.245027"
zzz-222@63s-dwg-28v," 39.915234","-75.233099"
zzz-222@63s-dwg-ct9," 39.913191","-75.237934"
zzz-223@628-pgb-hh5," 39.961782","-75.169139"
zzz-223@628-pgc-g6k," 39.98514","-75.215284"
zzz-223@628-pm3-tn5," 39.926505","-75.163348"
zzz-228@628-pgj-rzf," 39.983276","-75.147475"
zzz-228@628-pnw-zpv," 39.96854","-75.149894"
zzz-228@628-pp4-xqz," 39.989018","-75.138203"
